Workbook

Sheet Rekapitulasi
A1: Kode Kabupaten | B1: Keberadaan Usaha | E1: Jumlah | F1: Tindak Lanjut | G1: Persentase
B2: 0. Tidak Ditemukan | C2: 1. Ditemukan | D2: 2. Baru
A3: 7201 | B3: =COUNTIFS(Sheet1!C:C, 1, Sheet1!R:R, 0) | C3: =COUNTIFS(Sheet1!C:C, 1, Sheet1!R:R, 1) | D3: =COUNTIFS(Sheet1!C:C, 1, Sheet1!R:R, 2) | E3: =SUM(B3:D3) | F3: =COUNTIFS(Sheet1!C:C, 1, Sheet1!X:X, "<>") | G3: =IF(E3>0, (F3/E3)*100, 0)
A4: 7202 | B4: =COUNTIFS(Sheet1!C:C, 2, Sheet1!R:R, 0) | C4: =COUNTIFS(Sheet1!C:C, 2, Sheet1!R:R, 1) | D4: =COUNTIFS(Sheet1!C:C, 2, Sheet1!R:R, 2) | E4: =SUM(B4:D4) | F4: =COUNTIFS(Sheet1!C:C, 2, Sheet1!X:X, "<>") | G4: =IF(E4>0, (F4/E4)*100, 0)
A5: 7203 | B5: =COUNTIFS(Sheet1!C:C, 3, Sheet1!R:R, 0) | C5: =COUNTIFS(Sheet1!C:C, 3, Sheet1!R:R, 1) | D5: =COUNTIFS(Sheet1!C:C, 3, Sheet1!R:R, 2) | E5: =SUM(B5:D5) | F5: =COUNTIFS(Sheet1!C:C, 3, Sheet1!X:X, "<>") | G5: =IF(E5>0, (F5/E5)*100, 0)
A6: 7204 | B6: =COUNTIFS(Sheet1!C:C, 4, Sheet1!R:R, 0) | C6: =COUNTIFS(Sheet1!C:C, 4, Sheet1!R:R, 1) | D6: =COUNTIFS(Sheet1!C:C, 4, Sheet1!R:R, 2) | E6: =SUM(B6:D6) | F6: =COUNTIFS(Sheet1!C:C, 4, Sheet1!X:X, "<>") | G6: =IF(E6>0, (F6/E6)*100, 0)
A7: 7205 | B7: =COUNTIFS(Sheet1!C:C, 5, Sheet1!R:R, 0) | C7: =COUNTIFS(Sheet1!C:C, 5, Sheet1!R:R, 1) | D7: =COUNTIFS(Sheet1!C:C, 5, Sheet1!R:R, 2) | E7: =SUM(B7:D7) | F7: =COUNTIFS(Sheet1!C:C, 5, Sheet1!X:X, "<>") | G7: =IF(E7>0, (F7/E7)*100, 0)
A8: 7207 | B8: =COUNTIFS(Sheet1!C:C, 7, Sheet1!R:R, 0) | C8: =COUNTIFS(Sheet1!C:C, 7, Sheet1!R:R, 1) | D8: =COUNTIFS(Sheet1!C:C, 7, Sheet1!R:R, 2) | E8: =SUM(B8:D8) | F8: =COUNTIFS(Sheet1!C:C, 7, Sheet1!X:X, "<>") | G8: =IF(E8>0, (F8/E8)*100, 0)
A9: 7208 | B9: =COUNTIFS(Sheet1!C:C, 8, Sheet1!R:R, 0) | C9: =COUNTIFS(Sheet1!C:C, 8, Sheet1!R:R, 1) | D9: =COUNTIFS(Sheet1!C:C, 8, Sheet1!R:R, 2) | E9: =SUM(B9:D9) | F9: =COUNTIFS(Sheet1!C:C, 8, Sheet1!X:X, "<>") | G9: =IF(E9>0, (F9/E9)*100, 0)
A10: 7209 | B10: =COUNTIFS(Sheet1!C:C, 9, Sheet1!R:R, 0) | C10: =COUNTIFS(Sheet1!C:C, 9, Sheet1!R:R, 1) | D10: =COUNTIFS(Sheet1!C:C, 9, Sheet1!R:R, 2) | E10: =SUM(B10:D10) | F10: =COUNTIFS(Sheet1!C:C, 9, Sheet1!X:X, "<>") | G10: =IF(E10>0, (F10/E10)*100, 0)
A11: 7210 | B11: =COUNTIFS(Sheet1!C:C, 10, Sheet1!R:R, 0) | C11: =COUNTIFS(Sheet1!C:C, 10, Sheet1!R:R, 1) | D11: =COUNTIFS(Sheet1!C:C, 10, Sheet1!R:R, 2) | E11: =SUM(B11:D11) | F11: =COUNTIFS(Sheet1!C:C, 10, Sheet1!X:X, "<>") | G11: =IF(E11>0, (F11/E11)*100, 0)
A12: 7211 | B12: =COUNTIFS(Sheet1!C:C, 11, Sheet1!R:R, 0) | C12: =COUNTIFS(Sheet1!C:C, 11, Sheet1!R:R, 1) | D12: =COUNTIFS(Sheet1!C:C, 11, Sheet1!R:R, 2) | E12: =SUM(B12:D12) | F12: =COUNTIFS(Sheet1!C:C, 11, Sheet1!X:X, "<>") | G12: =IF(E12>0, (F12/E12)*100, 0)
A13: 7212 | B13: =COUNTIFS(Sheet1!C:C, 12, Sheet1!R:R, 0) | C13: =COUNTIFS(Sheet1!C:C, 12, Sheet1!R:R, 1) | D13: =COUNTIFS(Sheet1!C:C, 12, Sheet1!R:R, 2) | E13: =SUM(B13:D13) | F13: =COUNTIFS(Sheet1!C:C, 12, Sheet1!X:X, "<>") | G13: =IF(E13>0, (F13/E13)*100, 0)
A14: 7271 | B14: =COUNTIFS(Sheet1!C:C, 71, Sheet1!R:R, 0) | C14: =COUNTIFS(Sheet1!C:C, 71, Sheet1!R:R, 1) | D14: =COUNTIFS(Sheet1!C:C, 71, Sheet1!R:R, 2) | E14: =SUM(B14:D14) | F14: =COUNTIFS(Sheet1!C:C, 71, Sheet1!X:X, "<>") | G14: =IF(E14>0, (F14/E14)*100, 0)
A15: 7200 | B15: =SUM(B3:B14) | C15: =SUM(C3:C14) | D15: =SUM(D3:D14) | E15: =SUM(E3:E14) | F15: =SUM(F3:F14) | G15: =IF(E15>0, (F15/E15)*100, 0)

Sheet Sheet1
A1: assignment_id | B1: kdprov | C1: kdkab | D1: kdkec | E1: kddesa | F1: kdsls | G1: kdsubsls | H1: idsbr | I1: kode_kbli_prelist | J1: kbli_prelist | K1: kode_kbli | L1: kbli | M1: nama_usaha | N1: alamat_usaha | O1: nama_pengusaha | P1: nik_pengusaha | Q1: keberadaan_usaha | R1: keberadaan_usaha_value | S1: memiliki_izin_edar_bpom | T1: jumlah_varian_produk_terdaftar_bpom | U1: jumlah_varian_produk_tidak_terdaftar_bpom | V1: tindak_lanjut | W1: kbli_bpom_buped | X1: Hasil Tindak Lanjut | Y1: Alamat Sebenarnya | Z1: Unnamed: 25 | AA1: Keterangan | AB1: kode_identitas_16digit | AC1: status_by_id
A2: 88d4cb79-095f-403d-bb20-6ddbf031e2da | B2: 72 | C2: 1 | D2: 40 | E2: 14 | F2: 11 | G2: 0 | H2: 47125785 | I2: 10303 | J2: Pengeringan Buah-buahan dan Sayuran | M2: FARIDA SUADU | N2: DESA BAKA | Q2: 0. Tidak Ditemukan | R2: 0 | V2: Pastikan sesuai kondisi lapangan | W2: 0 | AB2: 7201040014001100 | AC2: APPROVED BY Pengawas
A3: 9993af48-7b82-4042-9895-cf6acac9a509 | B3: 72 | C3: 1 | D3: 40 | E3: 14 | F3: 14 | G3: 0 | H3: 48966033 | I3: 10792 | J3: Industri Kue Basah | M3: LINY YANI | N3: SALAKAN | Q3: 0. Tidak Ditemukan | R3: 0 | V3: Pastikan sesuai kondisi lapangan | W3: 0 | AB3: 7201040014001400 | AC3: APPROVED BY Pengawas
A4: 3041ec90-1b99-4050-ba9f-d44945406908 | B4: 72 | C4: 1 | D4: 41 | E4: 2 | F4: 2 | G4: 0 | H4: 43996271 | I4: 10779 | J4: Industri Bumbu Masakan Lainnya | M4: SANTI YABIE | N4: JL SAMUDRA | Q4: 0. Tidak Ditemukan | R4: 0 | V4: Pastikan sesuai kondisi lapangan | W4: 0 | AB4: 7201041002000200 | AC4: APPROVED BY Pengawas
A5: ebc25102-f999-427d-a096-d552361df474 | B5: 72 | C5: 1 | D5: 42 | E5: 5 | F5: 5 | G5: 0 | H5: 43620885 | I5: 10722 | J5: Industri Gula Merah | M5: HARSIN KASIANG | N5: DESA LALONG | Q5: 0. Tidak Ditemukan | R5: 0 | V5: Pastikan sesuai kondisi lapangan | W5: 0 | X5: prelist tidak berada di SLS seharusnya | Y5: Lalong, RT 1 Dusun 1 | AB5: 7201042005000500 | AC5: APPROVED BY Pengawas
A6: 0f40d5ef-174e-4f43-9a32-8d54902524b5 | B6: 72 | C6: 1 | D6: 51 | E6: 6 | F6: 6 | G6: 0 | H6: 43516347 | I6: 10710 | J6: Industri Produk Bakeri | K6: 1261 | L6: Pertanian Kelapa | M6: INDUSTRI KOPRA (RAIS YASIBANG) | N6: KOMPLEKS PAISUKUDANG, RT 6 DUSUN 3 ALAKASING - | O6: RAIS YASIBANG | Q6: 2. Baru | R6: 2 | V6: Pastikan kode KBLI sesuai dengan kode KBLI cakupan BPOM yang tertera dalam buku Pedoman | W6: 0 | AB6: 7201051006000600 | AC6: APPROVED BY Pengawas
A7: 1486cabf-72a5-4f9f-8058-29efa2a28157 | B7: 72 | C7: 1 | D7: 51 | E7: 6 | F7: 6 | G7: 0 | H7: 43516347 | I7: 10710 | J7: Industri Produk Bakeri | K7: 47112 | L7: Perdagangan Eceran Berbagai Macam Barang yang Utamanya Makanan, Minuman, atau Tembakau Selain dengan Sistem Swalayan | M7: PERDAGANGAN ECERAN SEMBAKO (MARIAH) | N7: KOMPLEKS PAISU KUDANG, RT 6 DUSUN 3 DESA ALAKASING - | O7: MARIAH RAH PANDAK | Q7: 2. Baru | R7: 2 | V7: Pastikan kode KBLI sesuai dengan kode KBLI cakupan BPOM yang tertera dalam buku Pedoman | W7: 1 | AB7: 7201051006000600 | AC7: APPROVED BY Pengawas
A8: 1486cabf-72a5-4f9f-8058-29efa2a28157 | B8: 72 | C8: 1 | D8: 51 | E8: 6 | F8: 6 | G8: 0 | H8: 43516347 | I8: 10710 | J8: Industri Produk Bakeri | K8: 47302 | L8: Perdagangan Eceran Bahan Bakar Selain di Sarana Pengisian Bahan Bakar | M8: USAHA BENSIN (MARIA RAH PANDAK) | N8: KOMPLEKS PAISU KUDANG, RT 6 DUSUN 3 DESA ALAKASING | O8: MARIAH RAH PANDAK | Q8: 2. Baru | R8: 2 | V8: Pastikan kode KBLI sesuai dengan kode KBLI cakupan BPOM yang tertera dalam buku Pedoman | W8: 0 | AB8: 7201051006000600 | AC8: APPROVED BY Pengawas
A9: 0f40d5ef-174e-4f43-9a32-8d54902524b5 | B9: 72 | C9: 1 | D9: 51 | E9: 6 | F9: 6 | G9: 0 | H9: 43516347 | I9: 10710 | J9: Industri Produk Bakeri | K9: 10750 | L9: Industri Makanan dan Masakan Olahan | M9: PEDAGANG SAYUR MASAK KELILING (HAENA) | N9: KOMPLEKS PAISUKUDANG, RT 6 DUSUN 3 ALAKASING - | O9: HAENA | Q9: 2. Baru | R9: 2 | S9: 3. Tidak | U9: 1 | W9: 1 | AB9: 7201051006000600 | AC9: APPROVED BY Pengawas
A10: e8beb5b3-d375-4a3f-b986-8e4bb7610387 | B10: 72 | C10: 1 | D10: 51 | E10: 6 | F10: 6 | G10: 0 | H10: 43516347 | I10: 10710 | J10: Industri Produk Bakeri | K10: 1261 | L10: Pertanian Kelapa | M10: PERTANIAN KELAPA (HADIR) | N10: KOMPLEKS PAISU KUDANG - | O10: HADIR | Q10: 2. Baru | R10: 2 | V10: Pastikan kode KBLI sesuai dengan kode KBLI cakupan BPOM yang tertera dalam buku Pedoman | W10: 0 | AB10: 7201051006000600 | AC10: SUBMITTED BY Pencacah
A11: 1589cc89-218e-4b39-87f1-7d6477aa2137 | B11: 72 | C11: 1 | D11: 51 | E11: 6 | F11: 6 | G11: 0 | H11: 43516347 | I11: 10710 | J11: Industri Produk Bakeri | K11: 1283 | L11: Pertanian Pala | M11: PERTANIAN PALA (IMRAN PANDAK) | N11: JLN TRANS PELING - | O11: IMRAN PANDAK | Q11: 2. Baru | R11: 2 | V11: Pastikan kode KBLI sesuai dengan kode KBLI cakupan BPOM yang tertera dalam buku Pedoman | W11: 0 | AB11: 7201051006000600 | AC11: APPROVED BY Pengawas
A12: f1fa4a91-b3a7-4916-98d2-afb8bad01925 | B12: 72 | C12: 1 | D12: 51 | E12: 6 | F12: 6 | G12: 0 | H12: 43516347 | I12: 10710 | J12: Industri Produk Bakeri | K12: 10421 | L12: Industri Kopra | M12: INDUSTRI KOPRA (DARSONO TAMBUAK) | N12: KOMPLEKS PAISUKUDANG, RT 6 DUSUN 3 DESA ALAKASING - | O12: DARSONO TAMBUAK | Q12: 2. Baru | R12: 2 | V12: Pastikan kode KBLI sesuai dengan kode KBLI cakupan BPOM yang tertera dalam buku Pedoman | W12: 1 | AB12: 7201051006000600 | AC12: APPROVED BY Pengawas
A13: 343314e3-b64d-449f-9314-078d50b2bad9 | B13: 72 | C13: 1 | D13: 51 | E13: 6 | F13: 6 | G13: 0 | H13: 43516347 | I13: 10710 | J13: Industri Produk Bakeri | K13: 10421 | L13: Industri Kopra | M13: INDUSTRI KOPRA (NAHRUN NUR PANGE) | N13: KOMPLEKS PAISU - | O13: NAHRUN NUR PANGE | Q13: 2. Baru | R13: 2 | V13: Pastikan kode KBLI sesuai dengan kode KBLI cakupan BPOM yang tertera dalam buku Pedoman | W13: 1 | AB13: 7201051006000600 | AC13: SUBMITTED BY Pencacah
A14: 6aee8c01-3d91-4820-ae76-c98123ec6acc | B14: 72 | C14: 1 | D14: 51 | E14: 6 | F14: 6 | G14: 0 | H14: 43516347 | I14: 10710 | J14: Industri Produk Bakeri | K14: 10421 | L14: Industri Kopra | M14: INDUSTRI KOPRA (IRSAN LAMASUI) | N14: JALAN TRANS PELING DESA ALAKASING | O14: IRSAN LAMASUI | Q14: 2. Baru | R14: 2 | V14: Pastikan kode KBLI sesuai dengan kode KBLI cakupan BPOM yang tertera dalam buku Pedoman | W14: 1 | AB14: 7201051006000600 | AC14: APPROVED BY Pengawas
A15: 17a2abfb-4d95-4e7a-adf7-95eaa537fdcc | B15: 72 | C15: 1 | D15: 51 | E15: 6 | F15: 6 | G15: 0 | H15: 43516347 | I15: 10710 | J15: Industri Produk Bakeri | K15: 10421 | L15: Industri Kopra | M15: INDUSTRI KOPRA (JASMAN TAUPO) | N15: PAISU KUDANG, RT 6 DUSUN 3 DESA ALAKASING - | O15: JASMAN TAUPO | Q15: 2. Baru | R15: 2 | V15: Pastikan kode KBLI sesuai dengan kode KBLI cakupan BPOM yang tertera dalam buku Pedoman | W15: 1 | AB15: 7201051006000600 | AC15: SUBMITTED BY Pencacah
A16: 88e10f32-f3d3-4d40-839b-167787757b4a | B16: 72 | C16: 1 | D16: 51 | E16: 6 | F16: 6 | G16: 0 | H16: 43516347 | I16: 10710 | J16: Industri Produk Bakeri | K16: 10421 | L16: Industri Kopra | M16: INDUSTRI KOPRA (ABDULAH SAMDENGE) | N16: KOMPLEKS PAISUKUDANG, RT 6 DUSUN 3 DESA ALAKASING. - | O16: ABDULAH SAMBADENGE | Q16: 2. Baru | R16: 2 | V16: Pastikan kode KBLI sesuai dengan kode KBLI cakupan BPOM yang tertera dalam buku Pedoman | W16: 1 | AB16: 7201051006000600 | AC16: APPROVED BY Pengawas
A17: 1782ddec-2d26-4100-9a58-8f0cdeec5eb2 | B17: 72 | C17: 1 | D17: 51 | E17: 6 | F17: 6 | G17: 0 | H17: 43516347 | I17: 10710 | J17: Industri Produk Bakeri | K17: 1261 | L17: Pertanian Kelapa | M17: PERTANIAN KELAPA (BAHMID A. MUTHALIB) | N17: KOMPLEKS PAISU KUDANG, RT6L 6 DUSUN 3 | O17: BAHMID A. MUTHALIB | Q17: 2. Baru | R17: 2 | V17: Pastikan kode KBLI sesuai dengan kode KBLI cakupan BPOM yang tertera dalam buku Pedoman | W17: 0 | AB17: 7201051006000600 | AC17: APPROVED BY Pengawas
A18: 1782ddec-2d26-4100-9a58-8f0cdeec5eb2 | B18: 72 | C18: 1 | D18: 51 | E18: 6 | F18: 6 | G18: 0 | H18: 43516347 | I18: 10710 | J18: Industri Produk Bakeri | K18: 90200 | L18: Aktivitas Seni Pertunjukan | M18: JASA HIBURAN (RABI'A A. BUKARIM) | N18: KOMPLEKS PAISU KUDANG, RT6L 6 DUSUN 3 | O18: RABI'A A. BUKARIM | Q18: 2. Baru | R18: 2 | V18: Pastikan kode KBLI sesuai dengan kode KBLI cakupan BPOM yang tertera dalam buku Pedoman | W18: 0 | AB18: 7201051006000600 | AC18: APPROVED BY Pengawas
A19: 17a2abfb-4d95-4e7a-adf7-95eaa537fdcc | B19: 72 | C19: 1 | D19: 51 | E19: 6 | F19: 6 | G19: 0 | H19: 43516347 | I19: 10710 | J19: Industri Produk Bakeri | K19: 1131 | L19: Pertanian Sayuran Daun | M19: PERTANIAN SAYURAN DAUN (HANIN YASIBANG) | N19: PAISU KUDANG, RT 6 DUSUN 3 DESA ALAKASING - | O19: HANIN YASIBANG | Q19: 2. Baru | R19: 2 | V19: Pastikan kode KBLI sesuai dengan kode KBLI cakupan BPOM yang tertera dalam buku Pedoman | W19: 0 | AB19: 7201051006000600 | AC19: SUBMITTED BY Pencacah
A20: f1fa4a91-b3a7-4916-98d2-afb8bad01925 | B20: 72 | C20: 1 | D20: 51 | E20: 6 | F20: 6 | G20: 0 | H20: 43516347 | I20: 10710 | J20: Industri Produk Bakeri | K20: 1283 | L20: Pertanian Pala | M20: PERTANIAN PALA (DARSONO TAMBUAK) | N20: KOMPLEKS PAISUKUDANG, RT 6 DUSUN 3 DESA ALAKASING - | O20: DARSONO TAMBUAK | Q20: 2. Baru | R20: 2 | V20: Pastikan kode KBLI sesuai dengan kode KBLI cakupan BPOM yang tertera dalam buku Pedoman | W20: 0 | AB20: 7201051006000600 | AC20: APPROVED BY Pengawas
A21: 343314e3-b64d-449f-9314-078d50b2bad9 | B21: 72 | C21: 1 | D21: 51 | E21: 6 | F21: 6 | G21: 0 | H21: 43516347 | I21: 10710 | J21: Industri Produk Bakeri | K21: 1261 | L21: Pertanian Kelapa | M21: PERTANIAN KELAPA (NAHRUN NUR PANGE) | N21: KOMPLEKS PAISU - | O21: NAHRUN NUR PANGE | Q21: 2. Baru | R21: 2 | V21: Pastikan kode KBLI sesuai dengan kode KBLI cakupan BPOM yang tertera dalam buku Pedoman | W21: 0 | AB21: 7201051006000600 | AC21: SUBMITTED BY Pencacah
... A35: 59d346e7-0b05-497a-8522-4ce1a2325b9b | B35: 72 | C35: 1 | D35: 51 | E35: 6 | F35: 6 | G35: 0 | H35: 43516347 | I35: 10710 | J35: Industri Produk Bakeri | K35: 10421 | L35: Industri Kopra | M35: INDUSTRI KOPRA (MURNI BELEK) | N35: JALAN TRANS PELING RT 6 DUSUN 3 DESA ALAKASING - | O35: MURNI BELEK | Q35: 2. Baru | R35: 2 | V35: Pastikan kode KBLI sesuai dengan kode KBLI cakupan BPOM yang tertera dalam buku Pedoman | W35: 1 | AB35: 7201051006000600 | AC35: APPROVED BY Pengawas
A36: e5959161-2da3-4b5b-89e0-fa43e59cd828 | B36: 72 | C36: 1 | D36: 51 | E36: 6 | F36: 6 | G36: 0 | H36: 43516347 | I36: 10710 | J36: Industri Produk Bakeri | K36: 95320 | L36: Reparasi dan Perawatan Sepeda Motor | M36: BENGKEL ATIS | N36: KOMPLEKS PAISU KUDANG | P36: 7207**********01 | Q36: 2. Baru | R36: 2 | V36: Pastikan kode KBLI sesuai dengan kode KBLI cakupan BPOM yang tertera dalam buku Pedoman | W36: 0 | AB36: 7201051006000600 | AC36: APPROVED BY Pengawas
A37: 36e22b44-4f3d-41ec-baf5-bf6e2dedf891 | B37: 72 | C37: 1 | D37: 51 | E37: 6 | F37: 6 | G37: 0 | H37: 43516347 | I37: 10710 | J37: Industri Produk Bakeri | K37: 10421 | L37: Industri Kopra | M37: INDUSTRI KOPRA (HUDIN S. SULULING) | N37: JALAN PAISU KUDANG RT 6 DUSUN 3 DESA ALAKASING - | O37: HUDIN S. SULULING | Q37: 2. Baru | R37: 2 | V37: Pastikan kode KBLI sesuai dengan kode KBLI cakupan BPOM yang tertera dalam buku Pedoman | W37: 1 | AB37: 7201051006000600 | AC37: SUBMITTED BY Pencacah
A38: 59d346e7-0b05-497a-8522-4ce1a2325b9b | B38: 72 | C38: 1 | D38: 51 | E38: 6 | F38: 6 | G38: 0 | H38: 43516347 | I38: 10710 | J38: Industri Produk Bakeri | K38: 1261 | L38: Pertanian Kelapa | M38: PERTANIAN KELAPA (MURNI BELEK) | N38: JALAN TRANS PELING RT 6 DUSUN 3 DESA ALAKASING - | O38: MURNI BELEK | Q38: 2. Baru | R38: 2 | V38: Pastikan kode KBLI sesuai dengan kode KBLI cakupan BPOM yang tertera dalam buku Pedoman | W38: 0 | AB38: 7201051006000600 | AC38: APPROVED BY Pengawas
A39: 7ee3acfe-5188-4287-8be9-c3a54c3076b7 | B39: 72 | C39: 1 | D39: 51 | E39: 6 | F39: 6 | G39: 0 | H39: 43516347 | I39: 10710 | J39: Industri Produk Bakeri | K39: 10421 | L39: Industri Kopra | M39: INDUSTRI KOPRA (ERWIN LALIO) | N39: KOMPLEKS PAISUKUDANG, RT 6 DUSUN 3 ALAKASING - | O39: ERWIN LALIO | Q39: 2. Baru | R39: 2 | V39: Pastikan kode KBLI sesuai dengan kode KBLI cakupan BPOM yang tertera dalam buku Pedoman | W39: 1 | AB39: 7201051006000600 | AC39: APPROVED BY Pengawas
A40: f1746b9c-e0eb-4d70-b45d-efc67718e2ba | B40: 72 | C40: 1 | D40: 51 | E40: 6 | F40: 6 | G40: 0 | H40: 43516347 | I40: 10710 | J40: Industri Produk Bakeri | M40: NASRIA M. DAPATI | N40: DESA ALAKASING | Q40: 0. Tidak Ditemukan | R40: 0 | V40: Pastikan sesuai kondisi lapangan | W40: 0 | AB40: 7201051006000600 | AC40: APPROVED BY Pengawas
A41: 1f860029-ee7f-4bb4-805e-8536ae6ff3bc | B41: 72 | C41: 1 | D41: 51 | E41: 6 | F41: 6 | G41: 0 | H41: 43516347 | I41: 10710 | J41: Industri Produk Bakeri | K41: 10421 | L41: Industri Kopra | M41: INDUSTRI KOPRA (AFRUDIN) | N41: KOMPLEKS PAISU KUDANG, RT 6 DUSUN 3 DESA ALAKASING - | O41: AFRUDDIN | Q41: 2. Baru | R41: 2 | V41: Pastikan kode KBLI sesuai dengan kode KBLI cakupan BPOM yang tertera dalam buku Pedoman | W41: 1 | AB41: 7201051006000600 | AC41: APPROVED BY Pengawas
A42: 8ff8bd3d-96a5-40ab-9eb1-471cc4503487 | B42: 72 | C42: 1 | D42: 51 | E42: 6 | F42: 6 | G42: 0 | H42: 43516347 | I42: 10710 | J42: Industri Produk Bakeri | K42: 10421 | L42: Industri Kopra | M42: INDUSTRI KOPRA (SALAM TAMBUAK) | N42: KOMPLEKS PAISU KUDANG RT 6 DUSUN 3, DESA ALAKASING | O42: SALAM TAMBUAK | Q42: 2. Baru | R42: 2 | V42: Pastikan kode KBLI sesuai dengan kode KBLI cakupan BPOM yang tertera dalam buku Pedoman | W42: 1 | AB42: 7201051006000600 | AC42: SUBMITTED BY Pencacah
A43: 156d67aa-2d27-47e9-8c00-ddf939ec5298 | B43: 72 | C43: 1 | D43: 51 | E43: 6 | F43: 6 | G43: 0 | H43: 43516347 | I43: 10710 | J43: Industri Produk Bakeri | K43: 1131 | L43: Pertanian Sayuran Daun | M43: PERTANIAN SAYURAN DAUN (ROSMAWATI) | N43: KOMPLEK PAISU KUDANG, RT 6 DUSUN 3 DESA ALAKASING - | O43: ROSMAWATI U. LAHANURU | Q43: 2. Baru | R43: 2 | V43: Pastikan kode KBLI sesuai dengan kode KBLI cakupan BPOM yang tertera dalam buku Pedoman | W43: 0 | AB43: 7201051006000600 | AC43: SUBMITTED BY Pencacah
A44: 8eb17a8e-10b2-4fb3-aea5-e79cea6b4d5e | B44: 72 | C44: 1 | D44: 51 | E44: 6 | F44: 6 | G44: 0 | H44: 43516347 | I44: 10710 | J44: Industri Produk Bakeri | K44: 23921 | L44: Industri Batu Bata dari Tanah Liat atau Keramik | M44: INDUSTRI BATU BATA (SAHRIN DADONG) | N44: KOMPLEKS PAISU KUDANG - | O44: SAHRIN DADONG | Q44: 2. Baru | R44: 2 | V44: Pastikan kode KBLI sesuai dengan kode KBLI cakupan BPOM yang tertera dalam buku Pedoman | W44: 0 | AB44: 7201051006000600 | AC44: SUBMITTED BY Pencacah
A45: 8ff8bd3d-96a5-40ab-9eb1-471cc4503487 | B45: 72 | C45: 1 | D45: 51 | E45: 6 | F45: 6 | G45: 0 | H45: 43516347 | I45: 10710 | J45: Industri Produk Bakeri | K45: 1131 | L45: Pertanian Sayuran Daun | M45: PERTANIAN SAYURAN DAUN (NINO SALABA) | N45: KOMPLEKS PAISU KUDANG RT 6 DUSUN 3, DESA ALAKASING | O45: NINO SALABA | Q45: 2. Baru | R45: 2 | V45: Pastikan kode KBLI sesuai dengan kode KBLI cakupan BPOM yang tertera dalam buku Pedoman | W45: 0 | AB45: 7201051006000600 | AC45: SUBMITTED BY Pencacah
A46: 12c1f3d1-fef7-4db0-a243-8bc7e196c885 | B46: 72 | C46: 1 | D46: 51 | E46: 6 | F46: 6 | G46: 0 | H46: 43516347 | I46: 10710 | J46: Industri Produk Bakeri | K46: 10421 | L46: Industri Kopra | M46: INDUSTRI KOPRA (ARIPUDIN A NDIBA) | N46: KOMPLEKS PAISUKUDANG, RT 6 DUSUN 3 - | O46: ARIPUDIN A. NDIBA | Q46: 2. Baru | R46: 2 | V46: Pastikan kode KBLI sesuai dengan kode KBLI cakupan BPOM yang tertera dalam buku Pedoman | W46: 1 | AB46: 7201051006000600 | AC46: APPROVED BY Pengawas
A47: 12c1f3d1-fef7-4db0-a243-8bc7e196c885 | B47: 72 | C47: 1 | D47: 51 | E47: 6 | F47: 6 | G47: 0 | H47: 43516347 | I47: 10710 | J47: Industri Produk Bakeri | K47: 1261 | L47: Pertanian Kelapa | M47: PERTANIAN KELAPA (ARIPUDIN A. NDIBA) | N47: KOMPLEKS PAISUKUDANG, RT 6 DUSUN 3 | O47: ARIPUDIN A. NDIBA | Q47: 2. Baru | R47: 2 | V47: Pastikan kode KBLI sesuai dengan kode KBLI cakupan BPOM yang tertera dalam buku Pedoman | W47: 0 | AB47: 7201051006000600 | AC47: APPROVED BY Pengawas
A48: 2d63cdf5-68eb-43e8-a6d7-2f218fefe4af | B48: 72 | C48: 1 | D48: 51 | E48: 6 | F48: 6 | G48: 0 | H48: 43516347 | I48: 10710 | J48: Industri Produk Bakeri | K48: 10421 | L48: Industri Kopra | M48: INDUSTRI KOPRA (NASIA) | N48: KOMPLEKS PAISU KUDANG, RT 6 DUSUN 3 DESA ALAKASING - | O48: NASIA | Q48: 2. Baru | R48: 2 | V48: Pastikan kode KBLI sesuai dengan kode KBLI cakupan BPOM yang tertera dalam buku Pedoman | W48: 1 | AB48: 7201051006000600 | AC48: APPROVED BY Pengawas
A49: a7a72995-12e2-4a57-8f11-8c02940e2734 | B49: 72 | C49: 1 | D49: 51 | E49: 6 | F49: 6 | G49: 0 | H49: 43516347 | I49: 10710 | J49: Industri Produk Bakeri | K49: 47742 | L49: Perdagangan Eceran Pakaian, Alas Kaki, dan Perlengkapan Pakaian Bekas | M49: PERDAGANGAN ECERAN PAKAIAN (FAJAR) | N49: KOMPLEKS PAISU KUDANG RT 6 DUSUN 3 DESA ALAKASING - | O49: FAJAR | Q49: 2. Baru | R49: 2 | V49: Pastikan kode KBLI sesuai dengan kode KBLI cakupan BPOM yang tertera dalam buku Pedoman | W49: 0 | AB49: 7201051006000600 | AC49: APPROVED BY Pengawas
A50: 5096590e-1207-4bb7-8cf3-b093bc31cd1f | B50: 72 | C50: 1 | D50: 51 | E50: 6 | F50: 6 | G50: 0 | H50: 43516347 | I50: 10710 | J50: Industri Produk Bakeri | K50: 10421 | L50: Industri Kopra | M50: INDUSTRI KOPRA (SAHRUDIN) | N50: JALAN PAISU KUDANG, RT 6 DUSUN 3 DESA ALAKASING - | O50: SAHRUDIN | Q50: 2. Baru | R50: 2 | V50: Pastikan kode KBLI sesuai dengan kode KBLI cakupan BPOM yang tertera dalam buku Pedoman | W50: 1 | AB50: 7201051006000600 | AC50: APPROVED BY Pengawas
A51: 8a0b811d-ac88-4a61-9321-dd674194a992 | B51: 72 | C51: 1 | D51: 51 | E51: 6 | F51: 6 | G51: 0 | H51: 43516347 | I51: 10710 | J51: Industri Produk Bakeri | K51: 20294 | L51: Industri Minyak Asiri Hulu | M51: INDUSTRI MINYAK NILAM ASIRI HULU (ISKANDAR A BUKARIM) | N51: KOMPLEKS PAISU KUDANG, RT 6 DUSUN 3 DESA ALAKASING - | O51: ISKANDAR A. BUKARIM | Q51: 2. Baru | R51: 2 | V51: Pastikan kode KBLI sesuai dengan kode KBLI cakupan BPOM yang tertera dalam buku Pedoman | W51: 1 | AB51: 7201051006000600 | AC51: APPROVED BY Pengawas
A52: b09f1af4-07b1-4173-bbcd-1fabfe71448f | B52: 72 | C52: 1 | D52: 51 | E52: 6 | F52: 6 | G52: 0 | H52: 43516347 | I52: 10710 | J52: Industri Produk Bakeri | K52: 1261 | L52: Pertanian Kelapa | M52: PERTANIAN KELAPA (SAMRIN PATAWE) | N52: KOMPLEKS PAISU KUDANG, RT 6 DUSUN 3 DESA ALAKASING | O52: SAMRIN PATAWE | Q52: 2. Baru | R52: 2 | V52: Pastikan kode KBLI sesuai dengan kode KBLI cakupan BPOM yang tertera dalam buku Pedoman | W52: 0 | AB52: 7201051006000600 | AC52: SUBMITTED BY Pencacah
... A59: 8a0b811d-ac88-4a61-9321-dd674194a992 | B59: 72 | C59: 1 | D59: 51 | E59: 6 | F59: 6 | G59: 0 | H59: 43516347 | I59: 10710 | J59: Industri Produk Bakeri | K59: 66199 | L59: Aktivitas Penunjang Jasa Keuangan Lainnya YTDL, Kecuali Asuransi dan Dana Pensiun | M59: USAHA BRILINK/ATM MINI (SITI JIJA LAMRIN MASKIRA) | N59: KOMPLEKS PAISU KUDANG, RT 6 DUSUN 3 DESA ALAKASING - | O59: SITI JIJA LAMRIN MASKIRA | Q59: 2. Baru | R59: 2 | V59: Pastikan kode KBLI sesuai dengan kode KBLI cakupan BPOM yang tertera dalam buku Pedoman | W59: 0 | AB59: 7201051006000600 | AC59: APPROVED BY Pengawas
A60: 91d915a4-02d2-4c28-a148-e6bcebc11336 | B60: 72 | C60: 1 | D60: 71 | E60: 5 | F60: 2 | G60: 0 | H60: 48968522 | I60: 23921 | J60: Industri Batu Bata dari Tanah Liat atau Keramik | M60: WAN KAMBIO | N60: DESA LUMBI-LUMBIA | Q60: 0. Tidak Ditemukan | R60: 0 | V60: Pastikan sesuai kondisi lapangan | W60: 0 | AB60: 7201071005000200 | AC60: APPROVED BY Pengawas
A61: 9bb412c4-7709-42b1-b8d9-28ebcad8200b | B61: 72 | C61: 2 | D61: 10 | E61: 20 | F61: 6 | G61: 0 | H61: 29434469 | I61: 47242 | J61: Perdagangan Eceran Roti, Kue Kering, serta Kue Basah dan Sejenisnya | M61: RATNA SATIKA WATI | N61: TIRTA KENCANA DUSUN I | Q61: 0. Tidak Ditemukan | R61: 0 | V61: Pastikan sesuai kondisi lapangan | W61: 0 | AB61: 7202010020000600 | AC61: APPROVED BY Pengawas
A62: 9d30f031-d08d-461c-b094-9f8ffa4d42b1 | B62: 72 | C62: 2 | D62: 10 | E62: 26 | F62: 3 | G62: 0 | H62: 26298814 | I62: 10779 | J62: Industri Bumbu Masakan Lainnya | M62: Yuyun Triasih | N62: Rusakencana | Q62: 0. Tidak Ditemukan | R62: 0 | V62: Pastikan sesuai kondisi lapangan | W62: 0 | AB62: 7202010026000300 | AC62: APPROVED BY Pengawas
A63: fcd9721b-3ef6-447a-8ec3-83ccb8f28b52 | B63: 72 | C63: 2 | D63: 10 | E63: 26 | F63: 5 | G63: 0 | H63: 26297781 | I63: 10710 | J63: Industri Produk Bakeri | M63: Dwi Rizka Retza Putri. I | N63: RUSA KENCANA | Q63: 0. Tidak Ditemukan | R63: 0 | V63: Pastikan sesuai kondisi lapangan | W63: 0 | AB63: 7202010026000500 | AC63: SUBMITTED BY Pencacah
A64: 9a861a96-32b2-4969-b28b-2aade6f3d6f3 | B64: 72 | C64: 2 | D64: 10 | E64: 41 | F64: 9 | G64: 0 | H64: 26298043 | I64: 10794 | J64: Industri Kerupuk, Keripik, Peyek, dan Sejenisnya | M64: Dede Rosalinda | N64: Mansahang | Q64: 0. Tidak Ditemukan | R64: 0 | V64: Pastikan sesuai kondisi lapangan | W64: 0 | AB64: 7202010041000900 | AC64: SUBMITTED BY Pencacah
A65: 894a1580-b675-44de-a568-f9db1f116eb2 | B65: 72 | C65: 2 | D65: 10 | E65: 47 | F65: 5 | G65: 0 | H65: 26298042 | I65: 10710 | J65: Industri Produk Bakeri | M65: Wiwit Wijayanti | N65: Jaya Kencana | Q65: 0. Tidak Ditemukan | R65: 0 | V65: Pastikan sesuai kondisi lapangan | W65: 0 | AB65: 7202010047000500 | AC65: APPROVED BY Pengawas
A66: 8623615f-cc18-436b-a46b-dcdb9871436b | B66: 72 | C66: 2 | D66: 11 | E66: 13 | F66: 2 | G66: 0 | H66: 26570068 | I66: 10794 | J66: Industri Kerupuk, Keripik, Peyek, dan Sejenisnya | M66: HARLIYANA RUMA TIGA | N66: DONGIN | Q66: 0. Tidak Ditemukan | R66: 0 | V66: Pastikan sesuai kondisi lapangan | W66: 0 | AB66: 7202011013000200 | AC66: APPROVED BY Pengawas
A67: 45ac55f8-5ef5-426c-979c-8a19321f307d | B67: 72 | C67: 2 | D67: 11 | E67: 14 | F67: 1 | G67: 2 | H67: 26279974 | I67: 10761 | J67: Pengolahan Kopi | M67: RATNI ONDO SAENI | N67: DONGIN | Q67: 0. Tidak Ditemukan | R67: 0 | V67: Pastikan sesuai kondisi lapangan | W67: 0 | AB67: 7202011014000102 | AC67: SUBMITTED BY Pencacah
A68: 0c4d402d-5541-40b5-af17-7e3cf85359a9 | B68: 72 | C68: 2 | D68: 11 | E68: 15 | F68: 2 | G68: 0 | H68: 32473084 | I68: 10794 | J68: Industri Kerupuk, Keripik, Peyek, dan Sejenisnya | K68: 10750 | L68: Industri Makanan dan Masakan Olahan | M68: KRIPIK FAMILY | N68: DESA UWELOLU - | P68: 7201**********01 | Q68: 1. Ditemukan | R68: 1 | S68: 1. Ya, oleh BPOM | T68: 8 | U68: 1 | W68: 1 | AB68: 7202011015000200 | AC68: APPROVED BY Pengawas
A69: 1be9bda7-7110-4ee8-9b09-e23fe43ef507 | B69: 72 | C69: 2 | D69: 12 | E69: 5 | F69: 8 | G69: 0 | H69: 26508422 | K69: 47112 | L69: Perdagangan Eceran Berbagai Macam Barang yang Utamanya Makanan, Minuman, atau Tembakau Selain dengan Sistem Swalayan | M69: Kios Sembako Pak Tatak | N69: ARGA KENCANA - | O69: TATAK | Q69: 2. Baru | R69: 2 | V69: Pastikan kode KBLI sesuai dengan kode KBLI cakupan BPOM yang tertera dalam buku Pedoman | W69: 1 | AB69: 7202012005000800 | AC69: REJECTED BY Pengawas
A70: 1be9bda7-7110-4ee8-9b09-e23fe43ef507 | B70: 72 | C70: 2 | D70: 12 | E70: 5 | F70: 8 | G70: 0 | H70: 26508422 | K70: 47112 | L70: Perdagangan Eceran Berbagai Macam Barang yang Utamanya Makanan, Minuman, atau Tembakau Selain dengan Sistem Swalayan | M70: TATAK | N70: ARGA KENCANA - | O70: TATAK | Q70: 2. Baru | R70: 2 | V70: Pastikan kode KBLI sesuai dengan kode KBLI cakupan BPOM yang tertera dalam buku Pedoman | W70: 1 | AB70: 7202012005000800 | AC70: REJECTED BY Pengawas
A71: d00549a2-5902-4b6f-94ba-43f4468b746d | B71: 72 | C71: 2 | D71: 12 | E71: 5 | F71: 8 | G71: 0 | H71: 26508422 | M71: TATAK | N71: ARGA KENCANA | Q71: 0. Tidak Ditemukan | R71: 0 | V71: Pastikan sesuai kondisi lapangan | W71: 0 | AB71: 7202012005000800 | AC71: REJECTED BY Pengawas
A72: 8801bcc8-9935-462e-999e-66ab11a5bcbb | B72: 72 | C72: 2 | D72: 13 | E72: 2 | F72: 7 | G72: 0 | H72: 26298033 | I72: 10306 | J72: Pengolahan Sari Buah-buahan dan Sayuran | M72: Titik Kastiah | N72: Piondo | Q72: 0. Tidak Ditemukan | R72: 0 | V72: Pastikan sesuai kondisi lapangan | W72: 0 | AB72: 7202013002000700 | AC72: REJECTED BY Pengawas
A73: 106ca006-8370-4bfe-b849-d7f2d3066a73 | B73: 72 | C73: 2 | D73: 13 | E73: 4 | F73: 1 | G73: 0 | H73: 26280346 | I73: 10219 | J73: Pengolahan dan Pengawetan Ikan dengan Metode Lainnya | M73: Noviyanti F Burahim | N73: Tolisu Toili | Q73: 0. Tidak Ditemukan | R73: 0 | V73: Pastikan sesuai kondisi lapangan | W73: 0 | AB73: 7202013004000100 | AC73: APPROVED BY Pengawas
A74: 6eef1c8f-8c5b-4def-95f5-e30471e8c5d5 | B74: 72 | C74: 2 | D74: 13 | E74: 4 | F74: 2 | G74: 0 | H74: 26298818 | I74: 10794 | J74: Industri Kerupuk, Keripik, Peyek, dan Sejenisnya | M74: Anna Sulistyowati | N74: Desa Tolisu | Q74: 0. Tidak Ditemukan | R74: 0 | V74: Pastikan sesuai kondisi lapangan | W74: 0 | AB74: 7202013004000200 | AC74: SUBMITTED BY Pencacah
A75: 1a6ff514-86f6-4443-b1d4-b1338ae5f7be | B75: 72 | C75: 2 | D75: 13 | E75: 10 | F75: 5 | G75: 0 | H75: 26298037 | I75: 10710 | J75: Industri Produk Bakeri | M75: Winarti Suci Rahayu | N75: Tirta Jaya | Q75: 0. Tidak Ditemukan | R75: 0 | V75: Pastikan sesuai kondisi lapangan | W75: 0 | AB75: 7202013010000500 | AC75: APPROVED BY Pengawas
A76: 3e0e3289-dd9a-442f-bdb1-2d7c60d8fab0 | B76: 72 | C76: 2 | D76: 20 | E76: 8 | F76: 3 | G76: 0 | H76: 44257332 | I76: 10306 | J76: Pengolahan Sari Buah-buahan dan Sayuran | M76: RAFAH SUKSES GEMILANG | N76: Dusun 2 | Q76: 0. Tidak Ditemukan | R76: 0 | V76: Pastikan sesuai kondisi lapangan | W76: 0 | AB76: 7202020008000300 | AC76: APPROVED BY Pengawas
A77: 02a7a23c-b8e0-4c95-9085-f69b054be5e0 | B77: 72 | C77: 2 | D77: 20 | E77: 9 | F77: 1 | G77: 0 | H77: 30471738 | I77: 10306 | J77: Pengolahan Sari Buah-buahan dan Sayuran | M77: RAHMATIKA ISINI | N77: NOGE | Q77: 0. Tidak Ditemukan | R77: 0 | V77: Pastikan sesuai kondisi lapangan | W77: 0 | AB77: 7202020009000100 | AC77: SUBMITTED BY Pencacah
A78: 41e0a15e-2408-4a5d-b7af-c06ee9abdc55 | B78: 72 | C78: 2 | D78: 20 | E78: 9 | F78: 5 | G78: 0 | H78: 26582939 | M78: ANDI EMMA | N78: DESA. NONONG | Q78: 0. Tidak Ditemukan | R78: 0 | V78: Pastikan sesuai kondisi lapangan | W78: 0 | AB78: 7202020009000500 | AC78: APPROVED BY Pengawas
A79: 33498cac-7ec4-4b67-bd93-09977b98fba5 | B79: 72 | C79: 2 | D79: 20 | E79: 9 | F79: 5 | G79: 0 | H79: 25907527 | I79: 10794 | J79: Industri Kerupuk, Keripik, Peyek, dan Sejenisnya | M79: ANDI ERNAWATI | N79: DSN II NOGE | Q79: 0. Tidak Ditemukan | R79: 0 | V79: Pastikan sesuai kondisi lapangan | W79: 0 | AB79: 7202020009000500 | AC79: SUBMITTED BY Pencacah
A80: 6ca08b01-b180-4c71-a9fb-a80296aeab23 | B80: 72 | C80: 2 | D80: 20 | E80: 16 | F80: 10 | G80: 0 | H80: 26756839 | I80: 10794 | J80: Industri Kerupuk, Keripik, Peyek, dan Sejenisnya | M80: MUCHLIS ASLAKA | N80: JLN PATTIMURA | Q80: 0. Tidak Ditemukan | R80: 0 | V80: Pastikan sesuai kondisi lapangan | W80: 0 | AB80: 7202020016001000 | AC80: APPROVED BY Pengawas
A81: 1f5ab012-c0e7-44ce-9c3d-d7eef6f91389 | B81: 72 | C81: 2 | D81: 21 | E81: 6 | F81: 6 | G81: 0 | H81: 31138737 | I81: 10629 | J81: Industri Pati dan Produk Pati Lainnya | M81: Nurdiana Hamatang | N81: Bonebalantak | Q81: 0. Tidak Ditemukan | R81: 0 | V81: Pastikan sesuai kondisi lapangan | W81: 0 | AB81: 7202021006000600 | AC81: REJECTED BY Pengawas
A82: aeaa5fa5-1641-4029-a1f6-5863f5afea1e | B82: 72 | C82: 2 | D82: 21 | E82: 9 | F82: 1 | G82: 0 | H82: 25728294 | I82: 10422 | J82: Industri Minyak Mentah Kelapa | M82: MADIANA HI RUBA | N82: PAISU BOLOLI | Q82: 0. Tidak Ditemukan | R82: 0 | V82: Pastikan sesuai kondisi lapangan | W82: 0 | AB82: 7202021009000100 | AC82: APPROVED BY Pengawas
A83: f1dec849-6f09-4e25-81f7-3fe52171b217 | B83: 72 | C83: 2 | D83: 21 | E83: 9 | F83: 1 | G83: 0 | H83: 31128049 | I83: 10629 | J83: Industri Pati dan Produk Pati Lainnya | M83: Zubaeda R Sitok | N83: Paisubololi | Q83: 0. Tidak Ditemukan | R83: 0 | V83: Pastikan sesuai kondisi lapangan | W83: 0 | AB83: 7202021009000100 | AC83: APPROVED BY Pengawas
A84: c7a95236-3020-4d6a-803e-cd4baa40e44d | B84: 72 | C84: 2 | D84: 21 | E84: 10 | F84: 4 | G84: 0 | H84: 26297777 | I84: 10710 | J84: Industri Produk Bakeri | M84: NOVIANA SAFITRI | N84: OMBOLU | Q84: 0. Tidak Ditemukan | R84: 0 | V84: Pastikan sesuai kondisi lapangan | W84: 0 | AB84: 7202021010000400 | AC84: APPROVED BY Pengawas
A85: 93f6b9e3-563a-4399-99f0-db34f93e1197 | B85: 72 | C85: 2 | D85: 31 | E85: 1 | F85: 3 | G85: 0 | H85: 31657018 | I85: 10794 | J85: Industri Kerupuk, Keripik, Peyek, dan Sejenisnya | M85: SITI MUTIA BALAU | N85: DESA BANGKETA | Q85: 0. Tidak Ditemukan | R85: 0 | V85: Pastikan sesuai kondisi lapangan | W85: 0 | AB85: 7202031001000300 | AC85: APPROVED BY Pengawas
A86: e908cf78-94ed-4804-9476-602ef33c910c | B86: 72 | C86: 2 | D86: 31 | E86: 6 | F86: 1001 | G86: 0 | H86: 26875142 | I86: 20294 | J86: Industri Minyak Asiri Hulu | M86: FEBRI FIRMAN NOVIKA | N86: JAYA MAKMUR | Q86: 0. Tidak Ditemukan | R86: 0 | V86: Pastikan sesuai kondisi lapangan | W86: 0 | AB86: 7202031006100100 | AC86: APPROVED BY Pengawas
A87: 19bbd1ef-f290-465f-bd50-0bb2c4cc2628 | B87: 72 | C87: 2 | D87: 32 | E87: 11 | F87: 3 | G87: 0 | H87: 28405169 | I87: 10303 | J87: Pengeringan Buah-buahan dan Sayuran | M87: EVA NURWERSTIN | N87: DWIPA KARYA DUSUN 1 | Q87: 0. Tidak Ditemukan | R87: 0 | V87: Pastikan sesuai kondisi lapangan | W87: 0 | AB87: 7202032011000300 | AC87: APPROVED BY Pengawas
A88: f4777d10-f72c-4440-a59c-b0c44e88c667 | B88: 72 | C88: 2 | D88: 40 | E88: 7 | F88: 3 | G88: 0 | H88: 31877099 | I88: 10710 | J88: Industri Produk Bakeri | M88: ENDANG SUHARTINI PAWATA | N88: JL. TANJUNG SANTIGI | Q88: 0. Tidak Ditemukan | R88: 0 | V88: Pastikan sesuai kondisi lapangan | W88: 0 | AB88: 7202040007000300 | AC88: APPROVED BY Pengawas
A89: ff0b7ade-2e25-4a15-8be5-1920407d9d79 | B89: 72 | C89: 2 | D89: 40 | E89: 19 | F89: 3 | G89: 0 | H89: 31357504 | I89: 10779 | J89: Industri Bumbu Masakan Lainnya | M89: RASMA ANDAPA | N89: DIMPALON BRU | Q89: 0. Tidak Ditemukan | R89: 0 | V89: Pastikan sesuai kondisi lapangan | W89: 0 | AB89: 7202040019000300 | AC89: APPROVED BY Pengawas
A90: edd0a787-79aa-433d-a39e-f4900e00a65e | B90: 72 | C90: 2 | D90: 50 | E90: 8 | F90: 2 | G90: 1 | H90: 30376479 | I90: 10794 | J90: Industri Kerupuk, Keripik, Peyek, dan Sejenisnya | K90: 10799 | L90: Industri Produk Makanan Lainnya YTDL | M90: MY BERKAH MAYA HASAN | N90: LORONG MEKAR INDAH - | P90: 7201**********01 | Q90: 1. Ditemukan | R90: 1 | S90: 1. Ya, oleh BPOM | T90: 1 | U90: 0 | W90: 1 | AB90: 7202050008000201 | AC90: SUBMITTED BY Pencacah
A91: e09fa07c-7b0c-4068-a7cf-1f1daa848ba2 | B91: 72 | C91: 2 | D91: 50 | E91: 9 | F91: 15 | G91: 0 | H91: 27164476 | M91: RATNA PANGEMANAN | N91: JL. P. ANTASARI NO. 17 | Q91: 0. Tidak Ditemukan | R91: 0 | V91: Pastikan sesuai kondisi lapangan | W91: 0 | AB91: 7202050009001500 | AC91: SUBMITTED BY Pencacah
A92: 91c21df1-6199-43b3-a0eb-19dc7ad22fbd | B92: 72 | C92: 2 | D92: 50 | E92: 9 | F92: 23 | G92: 0 | H92: 28098134 | I92: 10710 | J92: Industri Produk Bakeri | M92: DHEA NAIFAH HARYONO | N92: JL. DATU ADAM | Q92: 0. Tidak Ditemukan | R92: 0 | V92: Pastikan sesuai kondisi lapangan | W92: 0 | AB92: 7202050009002300 | AC92: APPROVED BY Pengawas
A93: 9267e378-9cb7-454b-b6a8-eed83dd1284a | B93: 72 | C93: 2 | D93: 50 | E93: 10 | F93: 1 | G93: 0 | H93: 32180680 | I93: 10301 | J93: Pengasinan Buah-buahan dan Sayuran | K93: 10794 | L93: Industri Kerupuk, Keripik, Peyek, dan Sejenisnya | M93: PISANG SALEH | N93: JLN TEMBUS KEL BARU | P93: 7201**********04 | Q93: 1. Ditemukan | R93: 1 | S93: 1. Ya, oleh BPOM | T93: 1 | U93: 0 | W93: 1 | AB93: 7202050010000100 | AC93: SUBMITTED BY Pencacah
A94: 50c3cdb0-2351-4458-908a-e1fed682c785 | B94: 72 | C94: 2 | D94: 50 | E94: 10 | F94: 7 | G94: 0 | H94: 30288249 | I94: 10710 | J94: Industri Produk Bakeri | M94: NURI ASNI | N94: JL G.LOMPOBATANG, KEL.:BARU, KAC: LUWUK | Q94: 0. Tidak Ditemukan | R94: 0 | V94: Pastikan sesuai kondisi lapangan | W94: 0 | AB94: 7202050010000700 | AC94: APPROVED BY Pengawas
A95: b34a5588-5dcf-42d9-abcc-789b1ac666b2 | B95: 72 | C95: 2 | D95: 50 | E95: 10 | F95: 11 | G95: 0 | H95: 26541302 | I95: 10794 | J95: Industri Kerupuk, Keripik, Peyek, dan Sejenisnya | M95: NORMA PATAWE | N95: JL. G. JULUTUMPU | Q95: 0. Tidak Ditemukan | R95: 0 | V95: Pastikan sesuai kondisi lapangan | W95: 0 | AB95: 7202050010001100 | AC95: SUBMITTED BY Pencacah
A96: 3a13dc8e-73cd-462d-958d-6df64c230099 | B96: 72 | C96: 2 | D96: 50 | E96: 11 | F96: 2 | G96: 0 | H96: 30586347 | I96: 10794 | J96: Industri Kerupuk, Keripik, Peyek, dan Sejenisnya | M96: HAJRA DAMANG | N96: JL. SUNGAI LAMBANGAN NO. 12 | Q96: 0. Tidak Ditemukan | R96: 0 | V96: Pastikan sesuai kondisi lapangan | W96: 0 | AB96: 7202050011000200 | AC96: APPROVED BY Pengawas
A97: 3e431561-2aa8-482b-808e-36bfd9f495dd | B97: 72 | C97: 2 | D97: 50 | E97: 11 | F97: 2 | G97: 0 | H97: 29228662 | I97: 10710 | J97: Industri Produk Bakeri | M97: SHINTA DEWI ANGRAINI | N97: JL. S. ASAAN NO.23 | Q97: 0. Tidak Ditemukan | R97: 0 | V97: Pastikan sesuai kondisi lapangan | W97: 0 | AB97: 7202050011000200 | AC97: APPROVED BY Pengawas
A98: ce52c510-453a-4133-ab58-8325948f7ba3 | B98: 72 | C98: 2 | D98: 50 | E98: 11 | F98: 2 | G98: 0 | H98: 30328418 | I98: 10710 | J98: Industri Produk Bakeri | K98: 56304 | L98: Aktivitas Kedai Minuman | M98: WARUNG AMINAH | N98: JL SUNGAI LAMBANGAN | P98: 7271**********01 | Q98: 1. Ditemukan | R98: 1 | V98: Pastikan kode KBLI sesuai dengan kode KBLI cakupan BPOM yang tertera dalam buku Pedoman | W98: 0 | AB98: 7202050011000200 | AC98: REVOKED BY Pengawas
A99: a4d5f1d0-e584-4abc-8e2d-28e2ba01b96b | B99: 72 | C99: 2 | D99: 50 | E99: 12 | F99: 1 | G99: 0 | H99: 28464192 | I99: 10504 | J99: Industri Es yang Dapat Dimakan dan Es Pencuci Mulut | M99: LAILA BADJARAT | N99: JL. W. MARAMIS | Q99: 0. Tidak Ditemukan | R99: 0 | V99: Pastikan sesuai kondisi lapangan | W99: 0 | AB99: 7202050012000100 | AC99: SUBMITTED BY Pencacah
A100: 55189b62-5ed5-413d-9f55-dbc637786b48 | B100: 72 | C100: 2 | D100: 50 | E100: 12 | F100: 3 | G100: 0 | H100: 32393877 | I100: 10710 | J100: Industri Produk Bakeri | M100: ERNISA L MARALI | N100: JL. IMAM BONJOL | Q100: 0. Tidak Ditemukan | R100: 0 | V100: Pastikan sesuai kondisi lapangan | W100: 0 | AB100: 7202050012000300 | AC100: APPROVED BY Pengawas
A101: f432ca9d-d16d-4a4c-a7b7-8e5a69169185 | B101: 72 | C101: 2 | D101: 50 | E101: 12 | F101: 10 | G101: 0 | H101: 31569257 | I101: 47249 | J101: Perdagangan Eceran Makanan Lainnya | M101: IIN SETYONO | N101: JLN. BARU | Q101: 0. Tidak Ditemukan | R101: 0 | V101: Pastikan sesuai kondisi lapangan | W101: 0 | AB101: 7202050012001000 | AC101: APPROVED BY Pengawas
A102: dbfcf1e6-13f4-4132-aea3-b4f6147bc9ec | B102: 72 | C102: 2 | D102: 50 | E102: 23 | F102: 1 | G102: 0 | H102: 3264159 | I102: 47732 | J102: Perdagangan Eceran Alat Optik dan Perlengkapannya | M102: CINTA FARMA LUWUK | N102: JALAN R.E MARTADINATA | Q102: 0. Tidak Ditemukan | R102: 0 | V102: Pastikan sesuai kondisi lapangan | W102: 0 | AB102: 7202050023000100 | AC102: SUBMITTED BY Pencacah
A103: 3cc49c23-2d01-406d-b26b-1248b79795a1 | B103: 72 | C103: 2 | D103: 50 | E103: 23 | F103: 2 | G103: 0 | H103: 27674052 | I103: 10710 | J103: Industri Produk Bakeri | K103: 10710 | L103: Industri Produk Bakeri | M103: KUE TANTE INANG | N103: JALAN BRANJANGAN | P103: 7201**********03 | Q103: 1. Ditemukan | R103: 1 | S103: 2. Ya, bukan oleh BPOM | U103: 12 | W103: 1 | AB103: 7202050023000200 | AC103: SUBMITTED BY Pencacah
A104: d2194970-daf0-47f2-9aef-295c1568aa40 | B104: 72 | C104: 2 | D104: 50 | E104: 25 | F104: 6 | G104: 0 | H104: 31477604 | I104: 10710 | J104: Industri Produk Bakeri | M104: RANITA ISMAYA NURDIN | N104: JL. T. SAHUNA | Q104: 0. Tidak Ditemukan | R104: 0 | V104: Pastikan sesuai kondisi lapangan | W104: 0 | AB104: 7202050025000600 | AC104: SUBMITTED BY Pencacah
A105: bc788a9d-fe24-441b-9cba-16732fb7be09 | B105: 72 | C105: 2 | D105: 50 | E105: 26 | F105: 2 | G105: 1 | H105: 29779559 | I105: 10710 | J105: Industri Produk Bakeri | M105: NOVIYANTI HUDA | N105: JL. IMAM BONJOL NO.50 | Q105: 0. Tidak Ditemukan | R105: 0 | V105: Pastikan sesuai kondisi lapangan | W105: 0 | AB105: 7202050026000201 | AC105: APPROVED BY Pengawas
A106: 667a99b5-f61a-4745-8f4e-72c948927122 | B106: 72 | C106: 2 | D106: 50 | E106: 27 | F106: 3 | G106: 0 | H106: 30512888 | I106: 10750 | J106: Industri Makanan dan Masakan Olahan | M106: ERNAWATI LIMTUDEL TJANDRA | N106: JL. GUNUNG COLO | Q106: 0. Tidak Ditemukan | R106: 0 | V106: Pastikan sesuai kondisi lapangan | W106: 0 | AB106: 7202050027000300 | AC106: SUBMITTED BY Pencacah
A107: 2094174b-d614-4159-ad53-6a0d0ae4d94d | B107: 72 | C107: 2 | D107: 51 | E107: 12 | F107: 3 | G107: 0 | H107: 31254525 | I107: 10710 | J107: Industri Produk Bakeri | M107: HENY NURSIN | N107: INDANG SARI | Q107: 0. Tidak Ditemukan | R107: 0 | V107: Pastikan sesuai kondisi lapangan | W107: 0 | AB107: 7202051012000300 | AC107: APPROVED BY Pengawas
A108: 73765c32-33b4-4b8c-8aa5-a1f300f8afcc | B108: 72 | C108: 2 | D108: 51 | E108: 13 | F108: 2 | G108: 0 | H108: 31210037 | I108: 10422 | J108: Industri Minyak Mentah Kelapa | M108: GAMIATI | N108: BUKIT MULYA | Q108: 0. Tidak Ditemukan | R108: 0 | V108: Pastikan sesuai kondisi lapangan | W108: 0 | AB108: 7202051013000200 | AC108: APPROVED BY Pengawas
A109: 36a46255-4b2b-4752-ad22-eb2f21d28fac | B109: 72 | C109: 2 | D109: 52 | E109: 1 | F109: 5 | G109: 1 | H109: 29185171 | I109: 10779 | J109: Industri Bumbu Masakan Lainnya | M109: SUSI ARIANTI | N109: KOMPLEX BTN PEPABRI | Q109: 0. Tidak Ditemukan | R109: 0 | V109: Pastikan sesuai kondisi lapangan | W109: 0 | AB109: 7202052001000501 | AC109: REVOKED BY Pengawas
A110: eb7487b4-0b22-446e-9003-45c092bfadb2 | B110: 72 | C110: 2 | D110: 52 | E110: 1 | F110: 7 | G110: 1 | H110: 30668446 | I110: 11059 | J110: Industri Minuman Lainnya | M110: Dina Nur Anggraini Tanjung | N110: Kilongan | Q110: 0. Tidak Ditemukan | R110: 0 | V110: Pastikan sesuai kondisi lapangan | W110: 0 | AB110: 7202052001000701 | AC110: APPROVED BY Pengawas
A111: 187ae894-1022-4f8f-b01a-693a74fbbaf9 | B111: 72 | C111: 2 | D111: 52 | E111: 1 | F111: 7 | G111: 2 | H111: 30048049 | M111: DWI FADILA DJENOD | N111: KILONGAN | Q111: 0. Tidak Ditemukan | R111: 0 | V111: Pastikan sesuai kondisi lapangan | W111: 0 | AB111: 7202052001000702 | AC111: APPROVED BY Pengawas
A112: 9f260520-e3a3-43de-bd0b-32ffce475a6e | B112: 72 | C112: 2 | D112: 52 | E112: 3 | F112: 2 | G112: 0 | H112: 30463233 | I112: 10779 | J112: Industri Bumbu Masakan Lainnya | M112: MAYASARI PENANTA | N112: DESA BOYOU | Q112: 0. Tidak Ditemukan | R112: 0 | V112: Pastikan sesuai kondisi lapangan | W112: 0 | AB112: 7202052003000200 | AC112: APPROVED BY Pengawas
A113: bea54b5b-f2ca-4e4f-9234-235d0bbbf47e | B113: 72 | C113: 2 | D113: 52 | E113: 3 | F113: 2 | G113: 0 | H113: 27893354 | I113: 10303 | J113: Pengeringan Buah-buahan dan Sayuran | M113: ROSMAWATI SANGINTANG | N113: BOYOU | Q113: 0. Tidak Ditemukan | R113: 0 | V113: Pastikan sesuai kondisi lapangan | W113: 0 | AB113: 7202052003000200 | AC113: APPROVED BY Pengawas
A114: 3326d0a1-03c7-4245-a6dc-c31b9afc56b8 | B114: 72 | C114: 2 | D114: 52 | E114: 3 | F114: 5 | G114: 0 | H114: 29216555 | I114: 10710 | J114: Industri Produk Bakeri | M114: FITRIANTI S BUSADA | N114: BOYOU | Q114: 0. Tidak Ditemukan | R114: 0 | V114: Pastikan sesuai kondisi lapangan | W114: 0 | AB114: 7202052003000500 | AC114: APPROVED BY Pengawas
A115: f4dd5ecd-09f9-4e48-96b0-2573669a7d34 | B115: 72 | C115: 2 | D115: 52 | E115: 4 | F115: 4 | G115: 0 | H115: 26669822 | I115: 10794 | J115: Industri Kerupuk, Keripik, Peyek, dan Sejenisnya | M115: SOFYAN PUCE | N115: KOHOBOTIK | Q115: 0. Tidak Ditemukan | R115: 0 | V115: Pastikan sesuai kondisi lapangan | W115: 0 | AB115: 7202052004000400 | AC115: APPROVED BY Pengawas
A116: 4dc2533b-9abb-419c-a62c-205666dd69c9 | B116: 72 | C116: 2 | D116: 52 | E116: 8 | F116: 1 | G116: 0 | H116: 30345302 | I116: 10794 | J116: Industri Kerupuk, Keripik, Peyek, dan Sejenisnya | M116: RAMLAH TOSION | N116: DESA AWU | Q116: 0. Tidak Ditemukan | R116: 0 | V116: Pastikan sesuai kondisi lapangan | W116: 0 | AB116: 7202052008000100 | AC116: APPROVED BY Pengawas
A117: a55eb206-0e66-45d1-a011-7941a5680122 | B117: 72 | C117: 2 | D117: 53 | E117: 2 | F117: 3 | G117: 0 | H117: 58218133 | M117: SILVIA LABUAN | N117: Luwuk Selatan | Q117: 0. Tidak Ditemukan | R117: 0 | V117: Pastikan sesuai kondisi lapangan | W117: 0 | AB117: 7202053002000300 | AC117: SUBMITTED BY Pencacah
A118: 1d4592ef-b38d-4249-ad00-b5dfdb1c0296 | B118: 72 | C118: 2 | D118: 53 | E118: 2 | F118: 4 | G118: 0 | H118: 30835495 | I118: 10710 | J118: Industri Produk Bakeri | M118: NUR AENI PATAEPE | N118: JL.DR.MOH.HATTA KM 05 NO.91 | Q118: 0. Tidak Ditemukan | R118: 0 | V118: Pastikan sesuai kondisi lapangan | W118: 0 | AB118: 7202053002000400 | AC118: APPROVED BY Pengawas
A119: a7385358-6354-48b2-9fd1-c0e77469fcca | B119: 72 | C119: 2 | D119: 53 | E119: 3 | F119: 1 | G119: 0 | H119: 28701715 | I119: 10710 | J119: Industri Produk Bakeri | M119: DIENTJE PAPEA | N119: JL. P. LEMBE NO.22 | Q119: 0. Tidak Ditemukan | R119: 0 | V119: Pastikan sesuai kondisi lapangan | W119: 0 | AB119: 7202053003000100 | AC119: APPROVED BY Pengawas
...
